 [
  { "firstName": "Jonh", "lastName":"Dow", "address": "City1", "state": "State1", "zip": 11111, "phone":2324455,"yearsEx":12,"photo":"","about":"Hi!", "price":21, "id":"2123343", "service":"Doctor" },
{ "firstName": "Jonh", "lastName":"Dow", "address": "City1", "state": "State1", "zip": 11111, "phone":2324455,"yearsEx":12,"photo":"","about":"Hi!", "price":21, "id":"55523343", "service":"Doctor"  },
{ "firstName": "Jonh", "lastName":"Dow", "address": "City1", "state": "State1", "zip": 11111, "phone":2324455,"yearsEx":12,"photo":"","about":"Hi!", "price":21, "id":"8723343", "service":"Doctor"  },
{ "firstName": "Jonh", "lastName":"Dow", "address": "City1", "state": "State1", "zip": 11111, "phone":2324455,"yearsEx":12,"photo":"","about":"Hi!", "price":21, "id":"3257343", "service":"Doctor"  },
{ "firstName": "Jonh", "lastName":"Dow", "address": "City1", "state": "State1", "zip": 11111, "phone":2324455,"yearsEx":12,"photo":"","about":"Hi!", "price":21, "id":"43436743","service":"Doctor"}
  ]

