
{"Walkers":[
 { "firstName": "Jonh", "lastName":"Dow", "zipCode": 11111, "phone":2324455,"photo":"","about":"Hi!", "price":21, "id":"65332", "service":"Walker"},
 { "firstName": "Jonh", "lastName":"Dow", "zipCode": 11111, "phone":2324455,"photo":"","about":"Hi!", "price":21, "id":"86543", "service":"Walker" },
 { "firstName": "Jonh", "lastName":"Dow","zipCode": 11111, "phone":2324455,"yearsEx":12,"photo":"","about":"Hi!", "price":21, "id":"86543", "service":"Walker" },
 { "firstName": "Jonh", "lastName":"Dow","zipCode": 11111, "phone":2324455,"photo":"","about":"Hi!", "price":21, "id":"767544", "service":"Walker" },
 { "firstName": "Jonh", "lastName":"Dow","zipCode": 11111, "phone":2324455, "photo":"","about":"Hi!", "price":21, "id":"5655434", "service":"Walker" }
 ]
 }
